"","x"
"norco",840
"back",831
"work",768
"get",446
"brand",444
"help",397
"vicodin",365
"medic",330
"now",326
"effect",315
"pill",307
"relief",282
"one",275
"time",273
"just",271
"lortab",262
"use",259
"like",251
"doctor",234
"sever",234
"pharmaci",234
"generic",230
"ive",228
"medicin",227
"make",226
"well",218
"need",206
"surgeri",202
"tri",196
"mallinckrodt",195
"prescrib",194
"dont",193
"feel",193
"side",183
"will",180
"watson",180
"drug",169
"med",168
"month",168
"hour",162
"great",155
"differ",154
"manufactur",154
"also",153
"peopl",152
"arthriti",151
"know",148
"even",145
"last",144
"took",144
"good",135
"life",135
"everi",134
"chang",131
"taken",131
"chronic",130
"better",127
"much",122
"problem",122
"made",119
"never",119
"two",119
"got",118
"due",117
"suffer",117
"realli",116
"give",115
"sinc",115
"noth",113
"caus",111
"disc",110
"start",110
"addict",104
"cough",104
"away",102
"found",102
"bad",101
"dose",101
"abl",100
"first",100
"manag",99
"sleep",98
"switch",96
"thing",96
"issu",96
"ago",95
"put",95
"still",95
"fda",95
"without",94
"this",93
"seem",91
"call",91
"prescript",89
"think",88
"mani",87
"littl",85
"rheumatoid",85
"best",84
"lower",84
"see",83
"someth",83
"stomach",83
"find",82
"stop",81
"doesnt",80
"reliev",80
"say",79
"cant",78
"want",77
"yellow",77
"anyth",76
"given",75
"headach",75
"ask",75
"long",74
"went",74
"didnt",73
"right",72
"function",71
"gave",71
"half",71
"live",71
"compani",71
"lot",70
"sick",69
"care",67
"pharmaceut",67
"old",66
"lupin",66
"control",65
"neck",65
"walgreen",65
"knee",64
"nerv",64
"anoth",64
"cvs",64
"migrain",63
"recent",63
"thank",63
"told",63
"fill",63
"almost",60
"past",60
"way",60
"longer",59
"notic",59
"new",58
"said",58
"order",57
"week",57
"actual",57
"level",57
"hurt",56
"less",56
"name",56
"night",56
"spinal",56
"carri",56
"absolut",55
"alway",55
"leg",55
"qualiti",55
"horribl",55
"toler",54
"felt",54
"pharmacist",54
"allow",53
"daili",53
"wonder",53
"diseas",52
"experi",52
"hard",52
"tablet",52
"thought",52
"everyon",51
"nausea",51
"white",51
"high",50
"opioid",50
"patient",50
"percocet",50
"acetaminophenhydrocodon",50
"anyon",49
"around",49
"may",49
"sure",49
"abus",48
"hope",48
"howev",46
"the",46
"ever",46
"normal",45
"tell",45
"damag",44
"enough",44
"other",44
"ingredi",44
"don",44
"deal",43
"pleas",43
"wors",43
"that",43
"complain",43
"look",43
"final",42
"injuri",42
"job",42
"read",42
"accid",41
"end",41
"increas",41
"minut",41
"result",41
"left",41
"complaint",41
"complet",40
"fibromyalgia",40
"shoulder",40
"least",40
"garbag",40
"bodi",39
"herniat",39
"keep",39
"yrs",39
"either",39
"fusion",39
"hip",39
"script",39
"bed",38
"believ",38
"extrem",38
"sometim",38
"tylenol",38
"degen",38
"dosag",38
"far",38
"test",38
"pharma",38
"done",37
"els",37
"happen",37
"later",37
"product",37
"amneal",37
"along",36
"ibuprofen",36
"recommend",36
"terribl",36
"activ",36
"tris",36
"coupl",35
"usual",35
"definit",35
"fine",35
"head",35
"withdraw",35
"anymor",34
"etc",34
"short",34
"spine",34
"walk",34
"dizzi",34
"replac",34
"stenosi",34
"mayb",34
"report",34
"par",34
"muscl",33
"come",33
"four",33
"three",33
"qualitest",33
"filler",33
"aurobindo",33
"constip",32
"worst",32
"combin",32
"junk",32
"govern",32
"car",31
"pretti",31
"within",31
"experienc",31
"low",31
"wrong",31
"didn",31
"condit",30
"continu",30
"let",30
"morn",30
"quit",30
"review",30
"today",30
"camber",30
"lorcet",29
"treat",29
"amount",29
"bone",29
"kidney",29
"market",29
"narcot",29
"wont",29
"someon",29
"move",28
"stay",28
"upset",28
"hand",28
"ill",28
"next",28
"point",28
"current",27
"cut",27
"depress",27
"provid",27
"sleepi",27
"tooth",27
"per",27
"becom",26
"diagnos",26
"edg",26
"free",26
"full",26
"kind",26
"serious",26
"avail",26
"file",26
"bulg",25
"wisdom",25
"goe",25
"post",25
"pay",25
"total",25
"agre",24
"fractur",24
"physic",24
"real",24
"receiv",24
"though",24
"drowsi",24
"understand",24
"refil",24
"ineffect",24
"big",23
"constant",23
"depend",23
"everyth",23
"god",23
"major",23
"wear",23
"money",23
"itch",23
"disk",22
"insur",22
"morphin",22
"stone",22
"teeth",22
"wish",22
"area",22
"killer",22
"liver",22
"multipl",22
"part",22
"reduc",22
"regular",22
"term",22
"tire",22
"check",22
"theyr",22
"ankl",21
"fact",21
"form",21
"lumbar",21
"couldnt",21
"foot",21
"havent",21
"opiat",21
"person",21
"reaction",21
"sciatica",21
"comment",21
"rubbish",21
"bit",20
"break",20
"broke",20
"eas",20
"relax",20
"remov",20
"suppos",20
"symptom",20
"hospit",20
"reason",20
"stronger",20
"worth",20
"began",20
"there",20
"luck",20
"imprint",20
"broken",19
"cancer",19
"occasion",19
"oxycontin",19
"strength",19
"wake",19
"hydrocodoneacetaminophen",19
"might",19
"pull",19
"stuff",19
"therapi",19
"came",19
"guess",19
"worthless",19
"affect",18
"except",18
"follow",18
"gone",18
"have",18
"mild",18
"mouth",18
"rest",18
"twice",18
"type",18
"cervic",18
"feet",18
"instead",18
"what",18
"bottl",18
"doesn",18
"drive",17
"eat",17
"happi",17
"hit",17
"must",17
"research",17
"respons",17
"talk",17
"unfortun",17
"wouldnt",17
"isnt",17
"nauseous",17
"save",17
"includ",17
"near",17
"health",17
"stock",17
"placebo",17
"actavi",17
"cost",17
"write",17
"amaz",16
"built",16
"compar",16
"cri",16
"offer",16
"request",16
"second",16
"turn",16
"unbear",16
"wait",16
"allerg",16
"nauseat",16
"osteoarthr",16
"rather",16
"whole",16
"liter",16
"drink",16
"knew",16
"pharm",16
"direct",15
"doc",15
"screw",15
"suggest",15
"concern",15
"cours",15
"develop",15
"fail",15
"heard",15
"imagin",15
"mention",15
"minim",15
"oper",15
"schedul",15
"success",15
"touch",15
"truli",15
"yet",15
"famili",15
"home",15
"joint",15
"decid",15
"stuck",15
"legitim",15
"custom",15
"sun",15
"cover",14
"disabl",14
"exact",14
"hydrocodon",14
"love",14
"relat",14
"shame",14
"spasm",14
"top",14
"unabl",14
"your",14
"although",14
"clear",14
"everyday",14
"infect",14
"kill",14
"negat",14
"plus",14
"probabl",14
"worri",14
"forc",14
"state",14
"immedi",14
"realiz",14
"vomit",14
"formula",14
"sell",14
"useless",14
"buy",14
"version",14
"arm",13
"becam",13
"cold",13
"often",13
"place",13
"play",13
"rid",13
"small",13
"strong",13
"act",13
"bring",13
"counter",13
"die",13
"had",13
"heart",13
"inform",13
"mgs",13
"overal",13
"pass",13
"period",13
"rib",13
"singl",13
"slight",13
"tremend",13
"water",13
"whether",13
"close",13
"dentist",13
"intens",13
"knock",13
"rare",13
"tab",13
"clinic",13
"aid",13
"pick",13
"gotten",13
"local",13
"case",12
"dental",12
"honest",12
"hous",12
"hrs",12
"late",12
"miracl",12
"moder",12
"rod",12
"signific",12
"stand",12
"torn",12
"age",12
"breath",12
"choic",12
"comfort",12
"crazi",12
"fall",12
"five",12
"leav",12
"list",12
"matter",12
"run",12
"soon",12
"them",12
"wast",12
"yes",12
"patch",12
"prevent",12
"surgeon",12
"fentanyl",12
"miss",12
"zero",12
"ear",12
"refus",12
"legal",12
"sudden",12
"fake",12
"illeg",12
"corpor",12
"rite",12
"trash",12
"advil",11
"after",11
"bless",11
"consid",11
"cramp",11
"especi",11
"excel",11
"fast",11
"fell",11
"syndrom",11
"treatment",11
"wasnt",11
"awak",11
"figur",11
"improv",11
"inject",11
"known",11
"lie",11
"lose",11
"mental",11
"previous",11
"send",11
"young",11
"six",11
"particular",11
"scoliosi",11
"huge",11
"somewhat",11
"aspirin",11
"rate",11
"sugar",11
"suppli",11
"answer",11
"dispens",11
"lab",11
"mallinkrodt",11
"avoid",10
"breakthrough",10
"energi",10
"involv",10
"lack",10
"min",10
"number",10
"user",10
"weak",10
"alreadi",10
"altern",10
"bedtim",10
"benefit",10
"consist",10
"hate",10
"listen",10
"man",10
"mess",10
"okay",10
"origin",10
"perman",10
"possibl",10
"prior",10
"quick",10
"requir",10
"sad",10
"scare",10
"sedat",10
"sit",10
"swell",10
"upper",10
"addit",10
"numer",10
"price",10
"return",10
"specialist",10
"extract",10
"heavi",10
"proper",10
"difficult",10
"none",10
"entir",10
"world",10
"haven",10
"limit",10
"bare",10
"certain",10
"thru",10
"dea",10
"these",10
"drs",10
"epidem",10
"inc",10
"overdos",10
"share",10
"whatev",10
"rhode",10
"awar",9
"compress",9
"diabet",9
"doubl",9
"heroin",9
"true",9
"whatsoev",9
"ach",9
"advic",9
"anxieti",9
"begin",9
"bleed",9
"canal",9
"correct",9
"emerg",9
"face",9
"food",9
"hold",9
"itchi",9
"light",9
"loopi",9
"most",9
"option",9
"otherwis",9
"perfect",9
"physician",9
"shouldnt",9
"sort",9
"step",9
"store",9
"sweat",9
"ten",9
"throat",9
"tissu",9
"watch",9
"allergi",9
"blood",9
"flexeril",9
"hot",9
"kick",9
"numb",9
"upon",9
"all",9
"been",9
"bowel",9
"combo",9
"fix",9
"lost",9
"show",9
"neuropathi",9
"site",9
"earli",9
"fatigu",9
"poor",9
"non",9
"onlin",9
"they",9
"joke",9
"mean",9
"punish",9
"supplier",9
"dissolv",9
"investig",9
"recal",9
"block",8
"countri",8
"cymbalta",8
"dri",8
"empti",8
"endometriosi",8
"habit",8
"hear",8
"immun",8
"mood",8
"note",8
"suppress",8
"togeth",8
"unless",8
"was",8
"abdomin",8
"again",8
"eye",8
"fear",8
"glad",8
"hadnt",8
"nightmar",8
"pinch",8
"power",8
"recoveri",8
"root",8
"shoot",8
"slow",8
"spur",8
"throw",8
"veri",8
"warn",8
"wreck",8
"appar",8
"blue",8
"expens",8
"lay",8
"mri",8
"pressur",8
"throughout",8
"purchas",8
"releas",8
"system",8
"enjoy",8
"regard",8
"shock",8
"street",8
"trust",8
"apart",8
"danger",8
"hydro",8
"oval",8
"chain",8
"gabapentin",8
"walmart",8
"arent",8
"batch",8
"costco",8
"folk",8
"independ",8
"regul",8
"subpar",8
"cambra",8
"contact",8
"crisi",8
"build",7
"children",7
"clean",7
"disord",7
"doe",7
"injur",7
"jaw",7
"kid",7
"lyrica",7
"miser",7
"mix",7
"plate",7
"race",7
"reconstruct",7
"restless",7
"sent",7
"titanium",7
"troubl",7
"you",7
"basi",7
"basic",7
"behind",7
"class",7
"crush",7
"decreas",7
"frustrat",7
"hernia",7
"histori",7
"insomnia",7
"lupus",7
"not",7
"oxi",7
"prove",7
"risk",7
"roof",7
"room",7
"seen",7
"son",7
"speak",7
"tear",7
"weird",7
"wow",7
"allevi",7
"assum",7
"awhil",7
"chest",7
"cord",7
"higher",7
"idea",7
"main",7
"opinion",7
"prefer",7
"sensit",7
"specif",7
"alon",7
"busi",7
"compound",7
"self",7
"support",7
"vertebra",7
"yesterday",7
"chore",7
"fair",7
"initi",7
"nsaid",7
"produc",7
"ruin",7
"seek",7
"situat",7
"when",7
"alcohol",7
"dog",7
"excruci",7
"press",7
"ran",7
"mgmg",7
"bought",7
"incred",7
"question",7
"angri",7
"law",7
"ridicul",7
"surpris",7
"novel",7
"cheapest",7
"contract",7
"creat",7
"distribut",7
"locat",7
"narco",7
"obvious",7
"safe",7
"stori",7
"wes",7
"associ",6
"base",6
"caution",6
"codein",6
"discov",6
"easi",6
"elimin",6
"gallbladd",6
"imposs",6
"naproxen",6
"posit",6
"progress",6
"rotat",6
"ruptur",6
"sens",6
"sign",6
"soma",6
"tendon",6
"visit",6
"xanax",6
"action",6
"add",6
"afraid",6
"auto",6
"awesom",6
"claim",6
"crack",6
"demand",6
"flu",6
"general",6
"heal",6
"hell",6
"juli",6
"lessen",6
"nurs",6
"open",6
"oral",6
"percent",6
"remain",6
"round",6
"slept",6
"spent",6
"surgic",6
"track",6
"advers",6
"exercis",6
"explain",6
"lucki",6
"perform",6
"tumor",6
"friend",6
"husband",6
"instant",6
"learn",6
"mistak",6
"osteoporosi",6
"repair",6
"vicoprofen",6
"extra",6
"occur",6
"pray",6
"sciatic",6
"suicid",6
"import",6
"struggl",6
"swear",6
"swollen",6
"potenc",6
"set",6
"nobodi",6
"shop",6
"solut",6
"dead",6
"inferior",6
"urin",6
"afford",6
"death",6
"depart",6
"heb",6
"kaiser",6
"ring",6
"scream",6
"sold",6
"drop",6
"india",6
"kvk",6
"lawsuit",6
"process",6
"weaker",6
"america",6
"eywa",6
"threw",6
"unavail",6
"wasn",6
"alot",5
"burn",5
"calm",5
"cuff",5
"groggi",5
"hallucin",5
"practic",5
"simpli",5
"stool",5
"task",5
"toothach",5
"admit",5
"afternoon",5
"agoni",5
"approxim",5
"asleep",5
"babi",5
"chemic",5
"cluster",5
"cycl",5
"cyst",5
"decent",5
"diarrhea",5
"dull",5
"eight",5
"exceed",5
"expect",5
"fibro",5
"finger",5
"focus",5
"forget",5
"fulli",5
"futur",5
"kept",5
"label",5
"liquid",5
"maximum",5
"obstruct",5
"outsid",5
"ovarian",5
"plan",5
"pop",5
"pound",5
"procedur",5
"push",5
"similar",5
"skin",5
"third",5
"tonight",5
"truck",5
"tunnel",5
"vari",5
"various",5
"werent",5
"wife",5
"wore",5
"wound",5
"acut",5
"dilaudid",5
"discomfort",5
"drunk",5
"implant",5
"larg",5
"mobil",5
"novemb",5
"reach",5
"saw",5
"stage",5
"till",5
"ulcer",5
"biggest",5
"former",5
"insan",5
"luckili",5
"red",5
"settl",5
"soft",5
"degre",5
"elbow",5
"neurontin",5
"omg",5
"steroid",5
"flat",5
"floor",5
"offic",5
"sore",5
"supplement",5
"typic",5
"born",5
"servic",5
"sorri",5
"spend",5
"spoke",5
"tax",5
"revers",5
"cheaper",5
"decad",5
"equal",5
"extend",5
"googl",5
"govt",5
"irrit",5
"quantiti",5
"rxd",5
"spondylosi",5
"suck",5
"agent",5
"aurolif",5
"fed",5
"taper",5
"accept",5
"cheap",5
"here",5
"misus",5
"news",5
"search",5
"substitut",5
"theyv",5
"ton",5
"american",5
"chart",5
"discontinu",5
"gonna",5
"mfg",5
"shape",5
"voic",5
"allergan",5
"cdc",5
"spray",5
"arthrit",4
"ate",4
"attitud",4
"contin",4
"durages",4
"fight",4
"godsend",4
"impact",4
"instruct",4
"ligament",4
"loos",4
"lung",4
"meal",4
"mine",4
"nose",4
"nut",4
"off",4
"reli",4
"school",4
"syrup",4
"throb",4
"tibia",4
"yeah",4
"alev",4
"antibiot",4
"averag",4
"bottom",4
"brain",4
"charg",4
"deep",4
"despit",4
"doubt",4
"dream",4
"epidur",4
"episod",4
"fantast",4
"femal",4
"fun",4
"hesit",4
"interest",4
"januari",4
"line",4
"neither",4
"neurologist",4
"older",4
"out",4
"postop",4
"primari",4
"recov",4
"scale",4
"simpl",4
"spell",4
"straight",4
"strain",4
"summer",4
"swallow",4
"trick",4
"wrist",4
"bilater",4
"cure",4
"disappear",4
"easili",4
"hive",4
"ignor",4
"overwhelm",4
"readi",4
"saver",4
"stiff",4
"toe",4
"attempt",4
"bypass",4
"determin",4
"easier",4
"eventu",4
"exhaust",4
"gain",4
"gastric",4
"mark",4
"miseri",4
"onto",4
"ship",4
"shot",4
"written",4
"appoint",4
"describ",4
"diagnosi",4
"flare",4
"hors",4
"movement",4
"suffici",4
"surviv",4
"truth",4
"worn",4
"adjust",4
"date",4
"degener",4
"excess",4
"factor",4
"hasnt",4
"hydrocodoneapap",4
"mind",4
"nag",4
"nice",4
"nonstop",4
"occas",4
"over",4
"rash",4
"special",4
"zofran",4
"annoy",4
"bill",4
"psoriat",4
"senior",4
"substanti",4
"consum",4
"tho",4
"buck",4
"hello",4
"inhal",4
"perhap",4
"profit",4
"recreat",4
"rememb",4
"score",4
"space",4
"train",4
"weekend",4
"beyond",4
"binder",4
"convinc",4
"debilit",4
"monitor",4
"oblong",4
"obtain",4
"oppos",4
"shelf",4
"unfair",4
"anyway",4
"anywher",4
"couldn",4
"dollar",4
"efficaci",4
"inact",4
"laboratori",4
"letter",4
"malinckrodt",4
"malinkrodt",4
"mid",4
"nasal",4
"odd",4
"random",4
"same",4
"strang",4
"town",4
"violat",4
"websit",4
"won",4
"acetominophen",4
"analyz",4
"cara",4
"content",4
"damn",4
"junki",4
"maker",4
"retir",4
"usa",4
"wouldn",4
"freedom",4
"lawyer",4
"legit",4
"accompani",3
"across",3
"alright",3
"anexsia",3
"antiinflammatori",3
"carisoprodol",3
"chemotherapi",3
"consider",3
"detach",3
"fibula",3
"handl",3
"invent",3
"jitteri",3
"lead",3
"lifesav",3
"middl",3
"minor",3
"motiv",3
"painfre",3
"roll",3
"rsd",3
"separ",3
"slowli",3
"sound",3
"trip",3
"ultram",3
"uncontrol",3
"weather",3
"wire",3
"wise",3
"address",3
"anesthesia",3
"anxious",3
"anytim",3
"apap",3
"appear",3
"appetit",3
"author",3
"besid",3
"black",3
"brought",3
"cartilag",3
"cellul",3
"climb",3
"comparison",3
"conduct",3
"construct",3
"decemb",3
"discuss",3
"disloc",3
"disturb",3
"downsid",3
"dump",3
"earlier",3
"foggi",3
"fool",3
"footbal",3
"grow",3
"harder",3
"hey",3
"horrend",3
"inflamm",3
"inflammatori",3
"interf",3
"magic",3
"male",3
"medium",3
"menstrual",3
"methadon",3
"mixtur",3
"mom",3
"moment",3
"more",3
"necessari",3
"noon",3
"outweigh",3
"partial",3
"potenti",3
"rang",3
"realiti",3
"road",3
"scari",3
"sclerosi",3
"sharp",3
"stick",3
"toilet",3
"turkey",3
"unit",3
"valium",3
"via",3
"wheeler",3
"april",3
"discectomi",3
"june",3
"led",3
"motrin",3
"octob",3
"pcp",3
"present",3
"pump",3
"stimul",3
"unusu",3
"woke",3
"adult",3
"advis",3
"bearabl",3
"bump",3
"cart",3
"catch",3
"daughter",3
"dealt",3
"euphoria",3
"fluid",3
"intestin",3
"lift",3
"longterm",3
"oil",3
"overus",3
"pack",3
"plain",3
"resolv",3
"stretch",3
"traumat",3
"tussionex",3
"usag",3
"with",3
"xodol",3
"approx",3
"arnold",3
"fourteen",3
"miralax",3
"onli",3
"prayer",3
"restrict",3
"ride",3
"rule",3
"scolosi",3
"skull",3
"stroke",3
"tailbon",3
"tradit",3
"assist",3
"center",3
"chiropractor",3
"communiti",3
"count",3
"groin",3
"indic",3
"meet",3
"painkil",3
"rescu",3
"respond",3
"slip",3
"standard",3
"stress",3
"vapor",3
"carpal",3
"coliti",3
"combat",3
"confus",3
"dark",3
"hack",3
"imitrex",3
"profession",3
"seven",3
"studi",3
"deserv",3
"ect",3
"elsewher",3
"bug",3
"hassl",3
"henc",3
"hide",3
"resort",3
"suspect",3
"thigh",3
"too",3
"bewar",3
"contus",3
"copay",3
"cruel",3
"femur",3
"fleck",3
"forev",3
"forth",3
"human",3
"insert",3
"mallink",3
"pink",3
"poop",3
"screen",3
"activi",3
"aggrav",3
"book",3
"chalki",3
"choos",3
"chose",3
"cigarett",3
"crap",3
"decis",3
"everybodi",3
"exist",3
"fellow",3
"guidelin",3
"inquir",3
"internet",3
"outsourc",3
"page",3
"penni",3
"phone",3
"pocket",3
"reject",3
"solid",3
"submit",3
"subsequ",3
"unhappi",3
"wrote",3
"amerisourcebergen",3
"aren",3
"attent",3
"chemist",3
"horrif",3
"knowledg",3
"mallickrodt",3
"mallincrap",3
"mile",3
"newest",3
"paid",3
"riteaid",3
"shut",3
"sicken",3
"tech",3
"twenti",3
"updat",3
"wth",3
"advoc",3
"covid",3
"gov",3
"heck",3
"intent",3
"letharg",3
"mallinckrot",3
"mgml",3
"utter",3
"feder",3
"inhuman",3
"loritab",3
"parqualitest",3
"achill",2
"benefici",2
"bladder",2
"board",2
"burst",2
"cap",2
"caught",2
"caviti",2
"common",2
"cronic",2
"guarante",2
"highest",2
"highway",2
"inch",2
"laparoscop",2
"lbs",2
"mainten",2
"max",2
"metal",2
"natur",2
"neckshoulderback",2
"palsi",2
"pancreat",2
"perscrib",2
"postsurgeri",2
"rheumatologist",2
"ridden",2
"rush",2
"sensat",2
"shingl",2
"sinus",2
"spastic",2
"speed",2
"tea",2
"teacher",2
"twelv",2
"urg",2
"wash",2
"wean",2
"withdrawl",2
"achiev",2
"aspect",2
"await",2
"beat",2
"benadryl",2
"bend",2
"boy",2
"bursiti",2
"caffein",2
"concentr",2
"creep",2
"dad",2
"darvocet",2
"dent",2
"dirt",2
"erupt",2
"fiber",2
"fortun",2
"fuzzi",2
"grate",2
"greatest",2
"gyno",2
"hangov",2
"happier",2
"ident",2
"impress",2
"interact",2
"kinda",2
"laminectomi",2
"libido",2
"lord",2
"march",2
"met",2
"methocarbamol",2
"mris",2
"mscontin",2
"orgasm",2
"parent",2
"pin",2
"poster",2
"prone",2
"radiat",2
"rectal",2
"rip",2
"runner",2
"secur",2
"semi",2
"sex",2
"smile",2
"societi",2
"soften",2
"spot",2
"stab",2
"sulfat",2
"taker",2
"tip",2
"wednesday",2
"whenev",2
"wind",2
"woman",2
"yearold",2
"zanaflex",2
"afterward",2
"among",2
"antidepress",2
"begun",2
"cps",2
"disappoint",2
"discharg",2
"drain",2
"drove",2
"epipen",2
"feb",2
"flash",2
"flatten",2
"fond",2
"golf",2
"horrid",2
"interfer",2
"loratab",2
"meniscus",2
"midback",2
"neurosurgeon",2
"reluct",2
"role",2
"scar",2
"someday",2
"spare",2
"tbone",2
"thumb",2
"toward",2
"weight",2
"appreci",2
"belt",2
"cautious",2
"child",2
"counteract",2
"defibrosi",2
"deterior",2
"downhil",2
"dramamin",2
"endur",2
"esteem",2
"expos",2
"feed",2
"gastriti",2
"gun",2
"hook",2
"hyper",2
"inabl",2
"lock",2
"mobic",2
"naprosyn",2
"onset",2
"routin",2
"sport",2
"steel",2
"stumbl",2
"tend",2
"tough",2
"trigger",2
"vioxx",2
"woozi",2
"xray",2
"abil",2
"attack",2
"baclofen",2
"bruis",2
"chiari",2
"dinner",2
"driver",2
"elev",2
"extens",2
"harrington",2
"ibuprophen",2
"lighthead",2
"navi",2
"psycholog",2
"shift",2
"sleepless",2
"air",2
"bright",2
"butran",2
"cambia",2
"connect",2
"did",2
"drum",2
"flareup",2
"fog",2
"front",2
"gradual",2
"grown",2
"herbal",2
"hunt",2
"insist",2
"neuropath",2
"nucynta",2
"parol",2
"pelvi",2
"plagu",2
"protrud",2
"shower",2
"teaspoon",2
"temporari",2
"ungod",2
"unmanag",2
"varieti",2
"yard",2
"abscess",2
"afghanistan",2
"anticip",2
"armi",2
"artifici",2
"bear",2
"cane",2
"collis",2
"cool",2
"cope",2
"cowork",2
"explos",2
"fioricet",2
"forward",2
"fuse",2
"genit",2
"iraq",2
"journey",2
"lean",2
"length",2
"needless",2
"nonfunct",2
"prepar",2
"purpos",2
"shatter",2
"skeptic",2
"smell",2
"sourc",2
"star",2
"walker",2
"war",2
"wheelchair",2
"bathroom",2
"bind",2
"core",2
"eras",2
"groceri",2
"klonopin",2
"log",2
"neural",2
"paper",2
"resist",2
"restor",2
"server",2
"strenuous",2
"art",2
"asthmat",2
"commit",2
"crook",2
"curious",2
"down",2
"gum",2
"lesson",2
"magnet",2
"martial",2
"moan",2
"notabl",2
"scratch",2
"sum",2
"tast",2
"tore",2
"urgent",2
"wet",2
"zombi",2
"absorpt",2
"alert",2
"approach",2
"asid",2
"behavior",2
"bout",2
"breakthru",2
"bucket",2
"color",2
"contain",2
"drugstor",2
"finish",2
"gout",2
"graduat",2
"intoler",2
"invas",2
"labor",2
"million",2
"ohio",2
"ongo",2
"peripher",2
"powder",2
"reduct",2
"render",2
"rxs",2
"sjogren",2
"therapeut",2
"thorac",2
"transfer",2
"ugh",2
"variat",2
"wall",2
"wanna",2
"youll",2
"absurd",2
"activist",2
"adderal",2
"agenc",2
"ahead",2
"amaeal",2
"appropri",2
"august",2
"bigger",2
"bike",2
"bogus",2
"bother",2
"buyer",2
"crimin",2
"crumbl",2
"curb",2
"curv",2
"dec",2
"desir",2
"disast",2
"druggi",2
"fault",2
"fyi",2
"gene",2
"impair",2
"inconsist",2
"indian",2
"ingr",2
"intellig",2
"irrepar",2
"isn",2
"latest",2
"mallinickroot",2
"marijuana",2
"medwatch",2
"mgmt",2
"mistaken",2
"network",2
"overnight",2
"own",2
"polit",2
"pre",2
"prompt",2
"qualitestpar",2
"quicker",2
"record",2
"revis",2
"shirt",2
"smart",2
"socal",2
"soda",2
"spondyl",2
"survivor",2
"suspens",2
"tension",2
"therefor",2
"til",2
"titl",2
"tortur",2
"uneth",2
"virtual",2
"weakest",2
"wherea",2
"youv",2
"aliv",2
"ameal",2
"amnel",2
"ankylos",2
"are",2
"atnea",2
"befor",2
"behold",2
"blank",2
"breast",2
"btw",2
"button",2
"classifi",2
"congenit",2
"conspiraci",2
"crawl",2
"dare",2
"ddd",2
"desper",2
"difficulti",2
"dud",2
"employe",2
"endo",2
"escal",2
"excipi",2
"foreign",2
"formal",2
"group",2
"gunshot",2
"guy",2
"headquart",2
"held",2
"how",2
"hype",2
"hysingla",2
"immens",2
"inspect",2
"intraven",2
"knife",2
"largest",2
"llc",2
"lodg",2
"lousi",2
"mail",2
"malais",2
"mallinkcrodt",2
"massiv",2
"medicar",2
"melt",2
"opposit",2
"orthoped",2
"osco",2
"otc",2
"outbreak",2
"oversea",2
"persist",2
"petit",2
"print",2
"scam",2
"shipment",2
"shouldn",2
"sle",2
"smaller",2
"somebodi",2
"somehow",2
"substandard",2
"teva",2
"thousand",2
"threshold",2
"thrown",2
"tier",2
"tryst",2
"tuesday",2
"upward",2
"urinalysi",2
"wave",2
"win",2
"yall",2
"zohydro",2
"aka",2
"alter",2
"analysi",2
"andor",2
"argu",2
"authent",2
"cabinet",2
"cardin",2
"dealer",2
"disgust",2
"disservic",2
"document",2
"edema",2
"fraudul",2
"friday",2
"grade",2
"hardwar",2
"illicit",2
"inde",2
"messag",2
"nongener",2
"nowher",2
"payment",2
"poison",2
"properti",2
"sandoz",2
"stabil",2
"sue",2
"tired",2
"vertigo",2
"vision",2
"wit",2
"absorb",2
"access",2
"account",2
"assay",2
"bet",2
"brandnam",2
"canadian",2
"cent",2
"chew",2
"complic",2
"counterfeit",2
"crippl",2
"disgrac",2
"dmapa",2
"engin",2
"father",2
"fever",2
"layer",2
"meijer",2
"mill",2
"molar",2
"mountain",2
"proof",2
"proven",2
"starch",2
"tictac",2
"tool",2
"vibrat",2
"washington",2
"yada",2
"abcess",1
"abund",1
"addictivei",1
"analges",1
"audibl",1
"campus",1
"candi",1
"cerebr",1
"colorect",1
"conjuct",1
"constipatedespeci",1
"contribut",1
"cuboid",1
"cystiti",1
"defenatilli",1
"diifer",1
"dramat",1
"effectsno",1
"expectorantlik",1
"experiennc",1
"funni",1
"gontlet",1
"ground",1
"guaf",1
"heavili",1
"humor",1
"hydrat",1
"hydrcodon",1
"instanc",1
"insuffer",1
"interstiti",1
"kindey",1
"land",1
"logic",1
"loud",1
"magnifi",1
"microdisc",1
"microdiscectomi",1
"midicatit",1
"misalign",1
"mph",1
"mullen",1
"naus",1
"nausia",1
"normali",1
"nov",1
"peripheri",1
"postsurg",1
"preschool",1
"promot",1
"queezi",1
"racquetbal",1
"reherni",1
"releiv",1
"remot",1
"rollov",1
"shrink",1
"smallest",1
"socitey",1
"stinosi",1
"symptomsespeci",1
"tagamet",1
"tenfold",1
"thirteen",1
"unus",1
"upright",1
"vascular",1
"verterbra",1
"visual",1
"wcodein",1
"abdomen",1
"abnorm",1
"accidenti",1
"acclim",1
"anim",1
"anterior",1
"antiinflamitori",1
"beforehand",1
"bell",1
"bias",1
"bite",1
"blade",1
"calf",1
"capsul",1
"cardiac",1
"cardiomyopathi",1
"carpel",1
"chorde",1
"climax",1
"clog",1
"con",1
"consult",1
"couch",1
"cystic",1
"deliber",1
"diaper",1
"dilaud",1
"drowzi",1
"duress",1
"effectsh",1
"effici",1
"erect",1
"essenti",1
"evalu",1
"firbromyalgia",1
"fire",1
"foolish",1
"gastro",1
"glass",1
"gluteal",1
"grant",1
"guid",1
"hinder",1
"hydroacetaminophen",1
"hydrocodoneacetaphenamin",1
"hypertroph",1
"intact",1
"intercours",1
"item",1
"itself",1
"juvenil",1
"laporoscop",1
"laundri",1
"lawnmow",1
"laxat",1
"maintain",1
"marri",1
"marriag",1
"mellow",1
"midrin",1
"mileag",1
"minimum",1
"mononeritus",1
"multiplex",1
"muscular",1
"nauseavomit",1
"nonsed",1
"nonsteroid",1
"omit",1
"orbit",1
"osteoarth",1
"outgo",1
"paindu",1
"painfulespeci",1
"phenegran",1
"poli",1
"prudenc",1
"queasi",1
"radio",1
"rationall",1
"regimen",1
"robaxin",1
"rock",1
"runni",1
"snappi",1
"softner",1
"spous",1
"sulfur",1
"sustain",1
"temper",1
"tennisouchveri",1
"tomorrow",1
"ultramtramadol",1
"undu",1
"unknown",1
"vertabra",1
"viagra",1
"vicodan",1
"vocoprofen",1
"whiplash",1
"windshield",1
"yogurt",1
"accomplish",1
"acl",1
"actiq",1
"ailment",1
"anemia",1
"aplast",1
"armhand",1
"arriv",1
"assign",1
"backnerv",1
"bran",1
"cardiologist",1
"cereal",1
"cerebri",1
"champ",1
"classic",1
"conjunct",1
"corticosteriod",1
"daywork",1
"demerol",1
"dentur",1
"ellipt",1
"errand",1
"fibromylgia",1
"gallbaldd",1
"gentl",1
"hamangioma",1
"hourssometim",1
"hydrocodoneacetoaminophen",1
"incap",1
"ish",1
"kness",1
"lozeng",1
"mgday",1
"neuroforamin",1
"norcohydrocodon",1
"organ",1
"popsicl",1
"profus",1
"pseudo",1
"quarter",1
"reveal",1
"roofer",1
"rose",1
"septemb",1
"serv",1
"shes",1
"sky",1
"snap",1
"solv",1
"swing",1
"teethmouth",1
"uncomfort",1
"vicoden",1
"vicoprophen",1
"vivid",1
"albuterol",1
"append",1
"asmanex",1
"asthma",1
"awkward",1
"backach",1
"batteri",1
"beg",1
"bellyach",1
"boat",1
"boost",1
"botch",1
"bultab",1
"buzz",1
"carico",1
"cfs",1
"chase",1
"cheratussin",1
"citrat",1
"concurr",1
"delsym",1
"depriv",1
"deter",1
"digest",1
"diphenhydramin",1
"dissip",1
"elixir",1
"enlighten",1
"familiar",1
"fierc",1
"firefight",1
"fish",1
"flank",1
"flexibl",1
"frozen",1
"generat",1
"gut",1
"gym",1
"harden",1
"hole",1
"hunch",1
"incorrect",1
"intimid",1
"iron",1
"lithotripsi",1
"loosen",1
"lupusespeci",1
"magnesium",1
"mgtwice",1
"moderatetosever",1
"motor",1
"mush",1
"myth",1
"norcosoma",1
"omega",1
"opana",1
"ounc",1
"pouch",1
"protect",1
"resect",1
"robitussin",1
"rodsspac",1
"sauna",1
"scleroderma",1
"shiver",1
"sideeffect",1
"skip",1
"solver",1
"sprain",1
"spread",1
"stair",1
"stonespolycyst",1
"toradol",1
"toss",1
"tpn",1
"tube",1
"underweight",1
"vehicl",1
"vicidon",1
"weld",1
"wide",1
"yell",1
"anatom",1
"antivenom",1
"aqua",1
"augment",1
"bedroom",1
"bitten",1
"brief",1
"cancannot",1
"chirari",1
"coinfect",1
"column",1
"compromis",1
"diclofenac",1
"doeras",1
"drowsinessfin",1
"egg",1
"eject",1
"exacerb",1
"fatten",1
"flip",1
"grandchildren",1
"hematoma",1
"hobbi",1
"household",1
"kneefootneck",1
"ladi",1
"latitud",1
"latter",1
"laughter",1
"lawn",1
"livabl",1
"lsup",1
"lyme",1
"mal",1
"mask",1
"medievacu",1
"mother",1
"mow",1
"myselfhousechild",1
"nine",1
"patchesnoth",1
"plane",1
"precipit",1
"preval",1
"pursu",1
"rattlesnak",1
"recomend",1
"reliv",1
"rostral",1
"scrip",1
"scummi",1
"sharpen",1
"simplest",1
"steriod",1
"stifl",1
"subarachnoid",1
"surgerycouldnt",1
"syringomyelia",1
"syrinx",1
"unbroken",1
"unrel",1
"vicidin",1
"voltaren",1
"waver",1
"abort",1
"affortun",1
"agit",1
"assault",1
"asset",1
"blown",1
"booz",1
"ceas",1
"clearer",1
"coffe",1
"csection",1
"dayi",1
"demotiv",1
"depakot",1
"discetomi",1
"djd",1
"dosi",1
"doze",1
"drank",1
"dulcolax",1
"dystrophi",1
"elect",1
"escap",1
"extent",1
"externa",1
"flattest",1
"forgot",1
"fragment",1
"frame",1
"freeli",1
"frequent",1
"further",1
"gall",1
"genuin",1
"honey",1
"inmmarch",1
"jail",1
"kris",1
"lemon",1
"lunch",1
"marfan",1
"medstramadol",1
"mobix",1
"mucl",1
"nap",1
"necrosisnephr",1
"neropathi",1
"otiti",1
"overcom",1
"painthi",1
"parole",1
"physio",1
"pinpoint",1
"plateau",1
"pleasur",1
"proceduressurgeri",1
"prostat",1
"pulmonari",1
"reflex",1
"regiment",1
"remind",1
"repeat",1
"rub",1
"seldom",1
"social",1
"spam",1
"spondylithesi",1
"stabl",1
"strainous",1
"stupor",1
"swis",1
"sympathet",1
"teenag",1
"thst",1
"troublesom",1
"vertebr",1
"wedg",1
"wellb",1
"whitehead",1
"yea",1
"yearscopd",1
"adher",1
"aromatherapi",1
"asa",1
"backlow",1
"backneckshould",1
"bag",1
"bioten",1
"blind",1
"botox",1
"burden",1
"cafergot",1
"capabl",1
"clinc",1
"collar",1
"concuss",1
"cyclobenzin",1
"daiiy",1
"diladuid",1
"dosent",1
"drummer",1
"duti",1
"few",1
"fewer",1
"foremost",1
"genet",1
"grab",1
"hered",1
"hind",1
"infantri",1
"ita",1
"labiaplasti",1
"likeconst",1
"lowest",1
"lubosacri",1
"mademak",1
"massag",1
"maxalt",1
"mistakeso",1
"mouthwash",1
"orthopedist",1
"painit",1
"pee",1
"primarili",1
"propanalol",1
"residu",1
"rheumatoidosteoarthr",1
"rise",1
"roxi",1
"shave",1
"shin",1
"significan",1
"soldier",1
"tall",1
"thee",1
"transit",1
"trap",1
"woulda",1
"writer",1
"about",1
"acet",1
"alif",1
"alil",1
"ambien",1
"annular",1
"aquatherapi",1
"attend",1
"baker",1
"bus",1
"cadav",1
"calib",1
"cdk",1
"cement",1
"chair",1
"chiropract",1
"choke",1
"colo",1
"colostomi",1
"comput",1
"consequ",1
"crouzon",1
"distanc",1
"enabl",1
"eveyth",1
"fentanylbad",1
"foramen",1
"gasp",1
"glucosamin",1
"gsw",1
"heartbeat",1
"heel",1
"housework",1
"hydrocodaceta",1
"ibprofin",1
"inherit",1
"justic",1
"mgmnt",1
"migrainetens",1
"narrow",1
"nauseousi",1
"neev",1
"neutral",1
"nonsteriod",1
"norcod",1
"omfsent",1
"oseto",1
"oxyir",1
"pace",1
"painarthr",1
"particip",1
"pregnant",1
"recrustruct",1
"respect",1
"revert",1
"rough",1
"rout",1
"roxicet",1
"seri",1
"sitor",1
"sixti",1
"sought",1
"status",1
"strengthen",1
"strive",1
"tarsal",1
"temporarili",1
"wellalthough",1
"accommod",1
"addictiveif",1
"adductor",1
"amoxicillin",1
"artritr",1
"assur",1
"awok",1
"backand",1
"beforeaft",1
"bonin",1
"brace",1
"breathdo",1
"catalog",1
"characterist",1
"charm",1
"coughand",1
"crutch",1
"damp",1
"dayseven",1
"degenet",1
"desicc",1
"dilopid",1
"dosejust",1
"earach",1
"elud",1
"embeda",1
"encroach",1
"fit",1
"foreheadth",1
"frovaimmitrex",1
"hairbrush",1
"hydrocet",1
"hydrocodoneacet",1
"hydrocodoneacetaphetomen",1
"incident",1
"incur",1
"inflam",1
"jawbon",1
"jitter",1
"joy",1
"junespin",1
"kneeth",1
"labrum",1
"larger",1
"lathorg",1
"lifewith",1
"lortabim",1
"mat",1
"maxidon",1
"mealthough",1
"metzlicin",1
"morei",1
"morphinenaltrexon",1
"nauseatedand",1
"neurofibromatosi",1
"nevertheless",1
"onand",1
"outstand",1
"outtook",1
"painagain",1
"painbutabout",1
"paini",1
"painin",1
"peacethank",1
"perceiv",1
"pleasant",1
"problemsbut",1
"recogn",1
"safeti",1
"scariest",1
"sharpacut",1
"sketchi",1
"slightest",1
"superced",1
"termin",1
"timebut",1
"tirednessgroggi",1
"underdevelop",1
"unsuccess",1
"wand",1
"willbecar",1
"acetymenophincodein",1
"achingpain",1
"alik",1
"allergist",1
"antiinflammationpain",1
"approv",1
"arrest",1
"bake",1
"bicycl",1
"blame",1
"categori",1
"chines",1
"chosen",1
"clinicb",1
"clock",1
"cocktail",1
"coper",1
"counsel",1
"curs",1
"delay",1
"deliv",1
"denial",1
"dept",1
"deriv",1
"dish",1
"divert",1
"eyelid",1
"faster",1
"fester",1
"fought",1
"gotta",1
"grass",1
"induc",1
"infus",1
"iud",1
"jersey",1
"killm",1
"lump",1
"makeup",1
"mastoid",1
"meant",1
"merciless",1
"modif",1
"mos",1
"mseri",1
"muscularskelet",1
"north",1
"pacifi",1
"peach",1
"pelvic",1
"plz",1
"preclud",1
"psoriasispsoriat",1
"pulleddoesnt",1
"rais",1
"redicul",1
"relaps",1
"replacementpain",1
"satisfactoryworth",1
"scald",1
"section",1
"session",1
"shall",1
"sincer",1
"sleepness",1
"sling",1
"soluabl",1
"subtract",1
"sweep",1
"thoughout",1
"thx",1
"tibfib",1
"tongu",1
"tote",1
"tract",1
"travel",1
"unexplain",1
"unpleas",1
"uti",1
"vengeanc",1
"wellknown",1
"whilst",1
"wmi",1
"abstain",1
"acetomenophin",1
"adhd",1
"agil",1
"agohad",1
"ahold",1
"ankolos",1
"anythingther",1
"arunda",1
"auburion",1
"backord",1
"behaviour",1
"benign",1
"bladderurethrauret",1
"box",1
"brandth",1
"bribe",1
"brick",1
"burnt",1
"bursa",1
"caraf",1
"cardio",1
"carethey",1
"cattl",1
"cbd",1
"cgmp",1
"chanc",1
"chicago",1
"cite",1
"citi",1
"clout",1
"consecut",1
"consolid",1
"constrict",1
"copi",1
"corner",1
"cortison",1
"cos",1
"crackdown",1
"crazier",1
"customerswhi",1
"cypd",1
"daddi",1
"def",1
"defiant",1
"dick",1
"diet",1
"differencepain",1
"dislik",1
"distal",1
"district",1
"drugcompani",1
"duplic",1
"encourag",1
"eros",1
"etern",1
"euphor",1
"everth",1
"everyonether",1
"excit",1
"farm",1
"field",1
"film",1
"fluke",1
"foreheadey",1
"givem",1
"gold",1
"graft",1
"grew",1
"growth",1
"halothan",1
"harri",1
"healthycan",1
"hese",1
"hlab",1
"hormon",1
"horrifi",1
"hump",1
"hydorcodoneacetaminophen",1
"idk",1
"iii",1
"illinois",1
"imbal",1
"imping",1
"inadequ",1
"incorrectto",1
"inert",1
"info",1
"insid",1
"intend",1
"interchang",1
"intern",1
"interpharm",1
"invari",1
"itther",1
"japan",1
"kammideb",1
"kicker",1
"kratom",1
"laugh",1
"lettercm",1
"lifetim",1
"liquor",1
"mad",1
"malincrodkt",1
"mallencroft",1
"mallinckrodtmallinckrodtpleas",1
"mcneal",1
"media",1
"melencodt",1
"meri",1
"metabolis",1
"militari",1
"mississippi",1
"mompop",1
"multi",1
"musculosket",1
"myland",1
"myriad",1
"neuralgia",1
"norcsi",1
"notmayb",1
"oklahoma",1
"ole",1
"ondeal",1
"outcri",1
"outpati",1
"oxytyp",1
"painfibromyalgia",1
"passag",1
"permiss",1
"politician",1
"potent",1
"precious",1
"predica",1
"problemst",1
"pruritus",1
"pun",1
"quadrant",1
"rapid",1
"rebound",1
"rehab",1
"resent",1
"rxing",1
"safer",1
"scheme",1
"scroll",1
"selfmed",1
"shouldv",1
"slipperi",1
"slope",1
"somethingwil",1
"soooooo",1
"specifi",1
"splurg",1
"spotti",1
"staff",1
"stagger",1
"stinkey",1
"stunt",1
"substitutesmalincrap",1
"suburb",1
"sudaf",1
"sufferor",1
"superior",1
"target",1
"teen",1
"texa",1
"tighter",1
"tom",1
"toxic",1
"tune",1
"twoday",1
"ultra",1
"unaccept",1
"unafford",1
"unconsci",1
"unknow",1
"upteenth",1
"varianc",1
"vendor",1
"vicotin",1
"victim",1
"wallet",1
"watsonactiva",1
"whoop",1
"whos",1
"whose",1
"worstmain",1
"would",1
"yearsf",1
"zolvit",1
"abriton",1
"acetaminophenwith",1
"advantag",1
"agh",1
"aidi",1
"amput",1
"analys",1
"anecdot",1
"anger",1
"anybodi",1
"apolog",1
"applaud",1
"appt",1
"articl",1
"atyp",1
"aurobindoiniti",1
"band",1
"bar",1
"bean",1
"bedridden",1
"bid",1
"bloat",1
"boot",1
"both",1
"brandsi",1
"brandswher",1
"bullet",1
"buttock",1
"career",1
"cat",1
"categor",1
"cell",1
"certif",1
"cervicaland",1
"chat",1
"clair",1
"click",1
"clientel",1
"clot",1
"coheb",1
"companyresid",1
"confid",1
"conserv",1
"court",1
"crown",1
"crud",1
"danlo",1
"daymi",1
"deceas",1
"delet",1
"destroy",1
"devast",1
"diamond",1
"discount",1
"diseasescoliosi",1
"distress",1
"documentari",1
"dosesi",1
"dotag",1
"downturn",1
"drastic",1
"drinkoth",1
"earn",1
"eaten",1
"effectiveproblem",1
"ehler",1
"eloqu",1
"email",1
"embarrass",1
"emot",1
"emt",1
"endocet",1
"enemi",1
"enrol",1
"epic",1
"equival",1
"etcal",1
"everywher",1
"exampl",1
"facebook",1
"fakeest",1
"faker",1
"fasciiti",1
"fdathey",1
"feedback",1
"financi",1
"finei",1
"fishi",1
"flaw",1
"flush",1
"foamychalki",1
"frequenc",1
"fund",1
"gambit",1
"gaug",1
"grunt",1
"hadn",1
"halv",1
"healthcar",1
"herp",1
"hesh",1
"homeless",1
"honor",1
"hotcold",1
"hydroacetam",1
"hydrocodoneacetominophin",1
"imho",1
"imit",1
"incent",1
"inoper",1
"insight",1
"insult",1
"intensifi",1
"interv",1
"intract",1
"iota",1
"itnew",1
"jelli",1
"jone",1
"kroger",1
"licens",1
"lightheadedno",1
"lip",1
"longtim",1
"lumbardegen",1
"lunesta",1
"madden",1
"malincrap",1
"malinkroft",1
"mallinckro",1
"mallinkrot",1
"malllincrap",1
"marco",1
"marvel",1
"mast",1
"matast",1
"mayn",1
"medit",1
"medsetc",1
"metheir",1
"mexico",1
"mgsbut",1
"mgsthere",1
"mgt",1
"midday",1
"mis",1
"monopoli",1
"mrs",1
"naiv",1
"nalocet",1
"nervebon",1
"nexium",1
"nonaddict",1
"notat",1
"nowaday",1
"nylon",1
"onlyguess",1
"onntri",1
"outburst",1
"outlook",1
"outrag",1
"parti",1
"peaceandlov",1
"peoplemyself",1
"pepper",1
"perspect",1
"pha",1
"phar",1
"pharmeceut",1
"philosophi",1
"placeboid",1
"plantar",1
"plenti",1
"pmsleep",1
"polic",1
"popylopus",1
"practitionerthey",1
"prison",1
"probiot",1
"public",1
"publish",1
"pure",1
"purs",1
"qualifi",1
"react",1
"rectangular",1
"refer",1
"reserv",1
"saga",1
"scenario",1
"seizur",1
"select",1
"sept",1
"sickeningi",1
"sicker",1
"smoke",1
"snort",1
"snuff",1
"sooo",1
"soup",1
"speck",1
"spectacular",1
"spike",1
"spondol",1
"spondylolisthesi",1
"steak",1
"steal",1
"stockhold",1
"strike",1
"stubbi",1
"substanc",1
"suckiest",1
"sunday",1
"suspici",1
"sutur",1
"swallowingbreath",1
"takeni",1
"tamper",1
"tank",1
"theyd",1
"theyll",1
"threaten",1
"thursday",1
"timei",1
"topimax",1
"translat",1
"tread",1
"trist",1
"truesearch",1
"tsp",1
"twitchingaround",1
"understood",1
"untreat",1
"upsid",1
"usernam",1
"variabl",1
"vers",1
"violent",1
"vit",1
"walmartcvsheb",1
"weed",1
"welcom",1
"whi",1
"who",1
"wholes",1
"wither",1
"wontand",1
"workday",1
"worsen",1
"writh",1
"wwwfdagovmedwatch",1
"younger",1
"abusingmisus",1
"acetaminophenmak",1
"addictson",1
"adequ",1
"againagainst",1
"agoi",1
"allergiestri",1
"allqualitest",1
"ama",1
"amhav",1
"ass",1
"astonish",1
"austens",1
"automat",1
"belch",1
"bing",1
"blink",1
"blur",1
"bonafid",1
"bracket",1
"cage",1
"canada",1
"caraco",1
"carpet",1
"channel",1
"chemo",1
"china",1
"cigar",1
"citizen",1
"cleveland",1
"codin",1
"colon",1
"connot",1
"conscienc",1
"contractor",1
"coronavirus",1
"corp",1
"countsperfect",1
"crash",1
"cross",1
"cush",1
"daniel",1
"daysthen",1
"declin",1
"degarthr",1
"dehydr",1
"deterr",1
"dice",1
"dig",1
"dishonest",1
"donti",1
"drawn",1
"drench",1
"drinknev",1
"dumb",1
"elavil",1
"electron",1
"employ",1
"endometri",1
"ent",1
"era",1
"error",1
"ethic",1
"excontractor",1
"excus",1
"facil",1
"fatal",1
"februari",1
"forehead",1
"gapapentin",1
"gerd",1
"giver",1
"gland",1
"greatthen",1
"guest",1
"gyn",1
"harm",1
"hattiesburg",1
"hes",1
"humidifi",1
"hung",1
"hycet",1
"hydrocodoneaccetaminopen",1
"hydrocodoneacedeminiphen",1
"hydrocodonei",1
"hyrdocodon",1
"identifi",1
"illinoi",1
"implement",1
"improvementsbil",1
"incom",1
"invest",1
"issuesne",1
"jack",1
"jar",1
"jerk",1
"judg",1
"judgmentcost",1
"jump",1
"junkthey",1
"juri",1
"kieran",1
"knockoff",1
"kvktech",1
"legwork",1
"lesion",1
"liabl",1
"lifeofpain",1
"liveabl",1
"malkincrodt",1
"mallinckrodtrun",1
"mallincodt",1
"mallinkckrodt",1
"medsalway",1
"mgfr",1
"mnft",1
"model",1
"moh",1
"motorcycl",1
"myeloma",1
"nasti",1
"neglig",1
"neurofibromotosi",1
"neuropathywel",1
"noneffect",1
"nonopi",1
"notifi",1
"nyquil",1
"oke",1
"okon",1
"optum",1
"oxycodoneacetaminophen",1
"paidchild",1
"paidlif",1
"parma",1
"partner",1
"patent",1
"patientconsum",1
"percocetgener",1
"permanent",1
"pharmacyinsur",1
"pint",1
"pituitari",1
"plead",1
"polici",1
"polio",1
"ppl",1
"presc",1
"proclaim",1
"program",1
"project",1
"protonix",1
"puke",1
"qualitiest",1
"rage",1
"rat",1
"recip",1
"recours",1
"redon",1
"reformul",1
"region",1
"regist",1
"relay",1
"repres",1
"req",1
"resolut",1
"respiratori",1
"retail",1
"scandal",1
"scc",1
"scope",1
"sentenc",1
"shield",1
"shopper",1
"sickish",1
"sissi",1
"skim",1
"snake",1
"sneak",1
"somethingtech",1
"specialti",1
"speech",1
"sting",1
"takeus",1
"taxesand",1
"themdont",1
"themgod",1
"those",1
"tick",1
"tini",1
"tjr",1
"tree",1
"trial",1
"triplic",1
"ultim",1
"vagrant",1
"valv",1
"vick",1
"vile",1
"walli",1
"warm",1
"windi",1
"witch",1
"workswork",1
"worksyellow",1
"worktot",1
"wout",1
"younev",1
"abandon",1
"abbott",1
"accord",1
"against",1
"aleev",1
"alleg",1
"amiss",1
"anti",1
"anyplac",1
"appl",1
"arena",1
"arteri",1
"arthritus",1
"artist",1
"asap",1
"attribut",1
"aurobendo",1
"auster",1
"avkar",1
"babysit",1
"backhip",1
"baffl",1
"balanc",1
"bankruptci",1
"barbar",1
"bat",1
"belief",1
"billion",1
"bioavail",1
"biologist",1
"blast",1
"blurri",1
"borderlin",1
"brandand",1
"brandsthes",1
"canwil",1
"caracao",1
"cellulos",1
"ceo",1
"cervicalneck",1
"chalk",1
"chamber",1
"charad",1
"checkmark",1
"cheek",1
"chees",1
"chem",1
"chicagoland",1
"coincid",1
"colleg",1
"compass",1
"consumpt",1
"convers",1
"copd",1
"corn",1
"costand",1
"crappi",1
"crime",1
"crise",1
"crossprovodon",1
"damnit",1
"dang",1
"daughterinlaw",1
"debri",1
"deciph",1
"deduct",1
"defect",1
"detect",1
"diazepam",1
"dibilit",1
"differenceit",1
"dilemma",1
"disclos",1
"discourag",1
"disrespect",1
"dixi",1
"door",1
"drift",1
"drugscom",1
"dupe",1
"dye",1
"educ",1
"ekg",1
"elder",1
"enzym",1
"event",1
"exam",1
"expat",1
"explan",1
"express",1
"fallen",1
"fat",1
"favor",1
"fdagov",1
"fdas",1
"fibroid",1
"firm",1
"float",1
"flonas",1
"flulik",1
"foe",1
"formul",1
"gash",1
"gibberish",1
"glue",1
"goodby",1
"grandma",1
"grandson",1
"greenish",1
"guard",1
"hairbrain",1
"halfway",1
"heartless",1
"heat",1
"hilari",1
"holder",1
"hospic",1
"hundr",1
"hydrocodonem",1
"hydroday",1
"hysterectomi",1
"idiot",1
"iik",1
"impur",1
"incept",1
"infrastructur",1
"input",1
"instrument",1
"interview",1
"intrus",1
"jurisdict",1
"leak",1
"lethargi",1
"lime",1
"link",1
"load",1
"lumber",1
"mallenkrofdt",1
"mallin",1
"mallincrkrodt",1
"mallincroft",1
"mallingckrodt",1
"math",1
"mattress",1
"meanwhil",1
"mei",1
"metabol",1
"meth",1
"microcrystallin",1
"misuseabus",1
"mysteri",1
"narc",1
"nation",1
"nda",1
"ndc",1
"necess",1
"necknerv",1
"needl",1
"nefari",1
"nervous",1
"node",1
"nonhydrocodon",1
"nowbut",1
"occup",1
"offenc",1
"omaha",1
"oneacetaminophen",1
"orang",1
"ordeal",1
"oversight",1
"pad",1
"palliat",1
"palpit",1
"panic",1
"particl",1
"payer",1
"peak",1
"peppermint",1
"percocetthey",1
"petrifi",1
"piec",1
"plant",1
"plot",1
"politic",1
"poppi",1
"potato",1
"predispos",1
"pretend",1
"privat",1
"profern",1
"projectil",1
"protocol",1
"protrus",1
"provodon",1
"pulledcrush",1
"pursuit",1
"puzzl",1
"qualitestparr",1
"radiculopathi",1
"ray",1
"reclin",1
"regret",1
"reliant",1
"repriev",1
"restart",1
"revolv",1
"rls",1
"sacrif",1
"sadi",1
"salari",1
"saneveri",1
"sat",1
"scan",1
"schmorl",1
"seamless",1
"season",1
"secret",1
"senat",1
"shake",1
"she",1
"socket",1
"some",1
"sooner",1
"soooo",1
"steep",1
"stolen",1
"stood",1
"strongest",1
"sub",1
"subcompani",1
"subsid",1
"substanceso",1
"suit",1
"swiss",1
"temp",1
"terrain",1
"terrifi",1
"theori",1
"thorough",1
"thread",1
"through",1
"thug",1
"timeeven",1
"timenoth",1
"tonsillectomi",1
"topic",1
"transport",1
"tripl",1
"tub",1
"twohoot",1
"uncov",1
"unreliev",1
"unscrupul",1
"urban",1
"uss",1
"util",1
"voluntari",1
"waiver",1
"warehous",1
"watchdog",1
"weigh",1
"west",1
"where",1
"wild",1
"winn",1
"worker",1
"worksanyon",1
"wrap",1
"youth",1
"zilch",1
